,names,percentage_male,height_m,weight_kg,hp,attack,defense,speed,base_egg_steps,base_happiness,capture_rate,experience_growth,sp_attack,sp_defense,generation,is_legendary
Bulbasaur,Bulbasaur,88.1,0.7,6.9,45,49,49,45,5120,70,45,1059860,65,65,1,0
Ivysaur,Ivysaur,88.1,1,13,60,62,63,60,5120,70,45,1059860,80,80,1,0
Venusaur,Venusaur,88.1,2,100,80,100,123,80,5120,70,45,1059860,122,120,1,0
Charmander,Charmander,88.1,0.6,8.5,39,52,43,65,5120,70,45,1059860,60,50,1,0
Charmeleon,Charmeleon,88.1,1.1,19,58,64,58,80,5120,70,45,1059860,80,65,1,0
Charizard,Charizard,88.1,1.7,90.5,78,104,78,100,5120,70,45,1059860,159,115,1,0
Squirtle,Squirtle,88.1,0.5,9,44,48,65,43,5120,70,45,1059860,50,64,1,0
Wartortle,Wartortle,88.1,1,22.5,59,63,80,58,5120,70,45,1059860,65,80,1,0
Blastoise,Blastoise,88.1,1.6,85.5,79,103,120,78,5120,70,45,1059860,135,115,1,0
Caterpie,Caterpie,50,0.3,2.9,45,30,35,45,3840,70,255,1000000,20,20,1,0
Metapod,Metapod,50,0.7,9.9,50,20,55,30,3840,70,120,1000000,25,25,1,0
Butterfree,Butterfree,50,1.1,32,60,45,50,70,3840,70,45,1000000,90,80,1,0
Weedle,Weedle,50,0.3,3.2,40,35,30,50,3840,70,255,1000000,20,20,1,0
Kakuna,Kakuna,50,0.6,10,45,25,50,35,3840,70,120,1000000,25,25,1,0
Beedrill,Beedrill,50,1,29.5,65,150,40,145,3840,70,45,1000000,15,80,1,0
Pidgey,Pidgey,50,0.3,1.8,40,45,40,56,3840,70,255,1059860,35,35,1,0
Pidgeotto,Pidgeotto,50,1.1,30,63,60,55,71,3840,70,120,1059860,50,50,1,0
Pidgeot,Pidgeot,50,1.5,39.5,83,80,80,121,3840,70,45,1059860,135,80,1,0
Rattata,Rattata,50,NA,NA,30,56,35,72,3840,70,255,1000000,25,35,1,0
Raticate,Raticate,50,NA,NA,75,71,70,77,3840,70,127,1000000,40,80,1,0
Spearow,Spearow,50,0.3,2,40,60,30,70,3840,70,255,1000000,31,31,1,0
Fearow,Fearow,50,1.2,38,65,90,65,100,3840,70,90,1000000,61,61,1,0
Ekans,Ekans,50,2,6.9,35,60,44,55,5120,70,255,1000000,40,54,1,0
Arbok,Arbok,50,3.5,65,60,95,69,80,5120,70,90,1000000,65,79,1,0
Pikachu,Pikachu,50,0.4,6,35,55,40,90,2560,70,190,1000000,50,50,1,0
Raichu,Raichu,50,NA,NA,60,85,50,110,2560,70,75,1000000,95,85,1,0
Sandshrew,Sandshrew,50,NA,NA,50,75,90,40,5120,70,255,1000000,10,35,1,0
Sandslash,Sandslash,50,NA,NA,75,100,120,65,5120,70,90,1000000,25,65,1,0
Nidoran♀,Nidoran♀,0,0.4,7,55,47,52,41,5120,70,235,1059860,40,40,1,0
Nidorina,Nidorina,0,0.8,20,70,62,67,56,5120,70,120,1059860,55,55,1,0
Nidoqueen,Nidoqueen,0,1.3,60,90,92,87,76,5120,70,45,1059860,75,85,1,0
Nidoran♂,Nidoran♂,100,0.5,9,46,57,40,50,5120,70,235,1059860,40,40,1,0
Nidorino,Nidorino,100,0.9,19.5,61,72,57,65,5120,70,120,1059860,55,55,1,0
Nidoking,Nidoking,100,1.4,62,81,102,77,85,5120,70,45,1059860,85,75,1,0
Clefairy,Clefairy,24.6,0.6,7.5,70,45,48,35,2560,140,150,800000,60,65,1,0
Clefable,Clefable,24.6,1.3,40,95,70,73,60,2560,140,25,800000,95,90,1,0
Vulpix,Vulpix,24.6,NA,NA,38,41,40,65,5120,70,190,1000000,50,65,1,0
Ninetales,Ninetales,24.6,NA,NA,73,67,75,109,5120,70,75,1000000,81,100,1,0
Jigglypuff,Jigglypuff,24.6,0.5,5.5,115,45,20,20,2560,70,170,800000,45,25,1,0
Wigglytuff,Wigglytuff,24.6,1,12,140,70,45,45,2560,70,50,800000,85,50,1,0
Zubat,Zubat,50,0.8,7.5,40,45,35,55,3840,70,255,1000000,30,40,1,0
Golbat,Golbat,50,1.6,55,75,80,70,90,3840,70,90,1000000,65,75,1,0
Oddish,Oddish,50,0.5,5.4,45,50,55,30,5120,70,255,1059860,75,65,1,0
Gloom,Gloom,50,0.8,8.6,60,65,70,40,5120,70,120,1059860,85,75,1,0
Vileplume,Vileplume,50,1.2,18.6,75,80,85,50,5120,70,45,1059860,110,90,1,0
Paras,Paras,50,0.3,5.4,35,70,55,25,5120,70,190,1000000,45,55,1,0
Parasect,Parasect,50,1,29.5,60,95,80,30,5120,70,75,1000000,60,80,1,0
Venonat,Venonat,50,1,30,60,55,50,45,5120,70,190,1000000,40,55,1,0
Venomoth,Venomoth,50,1.5,12.5,70,65,60,90,5120,70,75,1000000,90,75,1,0
Diglett,Diglett,50,NA,NA,10,55,30,90,5120,70,255,1000000,35,45,1,0
Dugtrio,Dugtrio,50,NA,NA,35,100,60,110,5120,70,50,1000000,50,70,1,0
Meowth,Meowth,50,NA,NA,40,35,35,90,5120,70,255,1000000,50,40,1,0
Persian,Persian,50,NA,NA,65,60,60,115,5120,70,90,1000000,75,65,1,0
Psyduck,Psyduck,50,0.8,19.6,50,52,48,55,5120,70,190,1000000,65,50,1,0
Golduck,Golduck,50,1.7,76.6,80,82,78,85,5120,70,75,1000000,95,80,1,0
Mankey,Mankey,50,0.5,28,40,80,35,70,5120,70,190,1000000,35,45,1,0
Primeape,Primeape,50,1,32,65,105,60,95,5120,70,75,1000000,60,70,1,0
Growlithe,Growlithe,75.4,0.7,19,55,70,45,60,5120,70,190,1250000,70,50,1,0
Arcanine,Arcanine,75.4,1.9,155,90,110,80,95,5120,70,75,1250000,100,80,1,0
Poliwag,Poliwag,50,0.6,12.4,40,50,40,90,5120,70,255,1059860,40,40,1,0
Poliwhirl,Poliwhirl,50,1,20,65,65,65,90,5120,70,120,1059860,50,50,1,0
Poliwrath,Poliwrath,50,1.3,54,90,95,95,70,5120,70,45,1059860,70,90,1,0
Abra,Abra,75.4,0.9,19.5,25,20,15,90,5120,70,200,1059860,105,55,1,0
Kadabra,Kadabra,75.4,1.3,56.5,40,35,30,105,5120,70,100,1059860,120,70,1,0
Alakazam,Alakazam,75.4,1.5,48,55,50,65,150,5120,70,50,1059860,175,105,1,0
Machop,Machop,75.4,0.8,19.5,70,80,50,35,5120,70,180,1059860,35,35,1,0
Machoke,Machoke,75.4,1.5,70.5,80,100,70,45,5120,70,90,1059860,50,60,1,0
Machamp,Machamp,75.4,1.6,130,90,130,80,55,5120,70,45,1059860,65,85,1,0
Bellsprout,Bellsprout,50,0.7,4,50,75,35,40,5120,70,255,1059860,70,30,1,0
Weepinbell,Weepinbell,50,1,6.4,65,90,50,55,5120,70,120,1059860,85,45,1,0
Victreebel,Victreebel,50,1.7,15.5,80,105,65,70,5120,70,45,1059860,100,70,1,0
Tentacool,Tentacool,50,0.9,45.5,40,40,35,70,5120,70,190,1250000,50,100,1,0
Tentacruel,Tentacruel,50,1.6,55,80,70,65,100,5120,70,60,1250000,80,120,1,0
Geodude,Geodude,50,NA,NA,40,80,100,20,3840,70,255,1059860,30,30,1,0
Graveler,Graveler,50,NA,NA,55,95,115,35,3840,70,120,1059860,45,45,1,0
Golem,Golem,50,NA,NA,80,120,130,45,3840,70,45,1059860,55,65,1,0
Ponyta,Ponyta,50,1,30,50,85,55,90,5120,70,190,1000000,65,65,1,0
Rapidash,Rapidash,50,1.7,95,65,100,70,105,5120,70,60,1000000,80,80,1,0
Slowpoke,Slowpoke,50,1.2,36,90,65,65,15,5120,70,190,1000000,40,40,1,0
Slowbro,Slowbro,50,1.6,78.5,95,75,180,30,5120,70,75,1000000,130,80,1,0
Magnemite,Magnemite,NA,0.3,6,25,35,70,45,5120,70,190,1000000,95,55,1,0
Magneton,Magneton,NA,1,60,50,60,95,70,5120,70,60,1000000,120,70,1,0
Farfetch'd,Farfetch'd,50,0.8,15,52,90,55,60,5120,70,45,1000000,58,62,1,0
Doduo,Doduo,50,1.4,39.2,35,85,45,75,5120,70,190,1000000,35,35,1,0
Dodrio,Dodrio,50,1.8,85.2,60,110,70,110,5120,70,45,1000000,60,60,1,0
Seel,Seel,50,1.1,90,65,45,55,45,5120,70,190,1000000,45,70,1,0
Dewgong,Dewgong,50,1.7,120,90,70,80,70,5120,70,75,1000000,70,95,1,0
Grimer,Grimer,50,NA,NA,80,80,50,25,5120,70,190,1000000,40,50,1,0
Muk,Muk,50,NA,NA,105,105,75,50,5120,70,75,1000000,65,100,1,0
Shellder,Shellder,50,0.3,4,30,65,100,40,5120,70,190,1250000,45,25,1,0
Cloyster,Cloyster,50,1.5,132.5,50,95,180,70,5120,70,60,1250000,85,45,1,0
Gastly,Gastly,50,1.3,0.1,30,35,30,80,5120,70,190,1059860,100,35,1,0
Haunter,Haunter,50,1.6,0.1,45,50,45,95,5120,70,90,1059860,115,55,1,0
Gengar,Gengar,50,1.5,40.5,60,65,80,130,5120,70,45,1059860,170,95,1,0
Onix,Onix,50,8.8,210,35,45,160,70,6400,70,45,1000000,30,45,1,0
Drowzee,Drowzee,50,1,32.4,60,48,45,42,5120,70,190,1000000,43,90,1,0
Hypno,Hypno,50,1.6,75.6,85,73,70,67,5120,70,75,1000000,73,115,1,0
Krabby,Krabby,50,0.4,6.5,30,105,90,50,5120,70,225,1000000,25,25,1,0
Kingler,Kingler,50,1.3,60,55,130,115,75,5120,70,60,1000000,50,50,1,0
Voltorb,Voltorb,NA,0.5,10.4,40,30,50,100,5120,70,190,1000000,55,55,1,0
Electrode,Electrode,NA,1.2,66.6,60,50,70,150,5120,70,60,1000000,80,80,1,0
Exeggcute,Exeggcute,50,0.4,2.5,60,40,80,40,5120,70,90,1250000,60,45,1,0
Exeggutor,Exeggutor,50,NA,NA,95,105,85,45,5120,70,45,1250000,125,75,1,0
Cubone,Cubone,50,0.4,6.5,50,50,95,35,5120,70,190,1000000,40,50,1,0
Marowak,Marowak,50,NA,NA,60,80,110,45,5120,70,75,1000000,50,80,1,0
Hitmonlee,Hitmonlee,100,1.5,49.8,50,120,53,87,6400,70,45,1000000,35,110,1,0
Hitmonchan,Hitmonchan,100,1.4,50.2,50,105,79,76,6400,70,45,1000000,35,110,1,0
Lickitung,Lickitung,50,1.2,65.5,90,55,75,30,5120,70,45,1000000,60,75,1,0
Koffing,Koffing,50,0.6,1,40,65,95,35,5120,70,190,1000000,60,45,1,0
Weezing,Weezing,50,1.2,9.5,65,90,120,60,5120,70,60,1000000,85,70,1,0
Rhyhorn,Rhyhorn,50,1,115,80,85,95,25,5120,70,120,1250000,30,30,1,0
Rhydon,Rhydon,50,1.9,120,105,130,120,40,5120,70,60,1250000,45,45,1,0
Chansey,Chansey,0,1.1,34.6,250,5,5,50,10240,140,30,800000,35,105,1,0
Tangela,Tangela,50,1,35,65,55,115,60,5120,70,45,1000000,100,40,1,0
Kangaskhan,Kangaskhan,0,2.2,80,105,125,100,100,5120,70,45,1000000,60,100,1,0
Horsea,Horsea,50,0.4,8,30,40,70,60,5120,70,225,1000000,70,25,1,0
Seadra,Seadra,50,1.2,25,55,65,95,85,5120,70,75,1000000,95,45,1,0
Goldeen,Goldeen,50,0.6,15,45,67,60,63,5120,70,225,1000000,35,50,1,0
Seaking,Seaking,50,1.3,39,80,92,65,68,5120,70,60,1000000,65,80,1,0
Staryu,Staryu,NA,0.8,34.5,30,45,55,85,5120,70,225,1250000,70,55,1,0
Starmie,Starmie,NA,1.1,80,60,75,85,115,5120,70,60,1250000,100,85,1,0
Mr. Mime,Mr. Mime,50,1.3,54.5,40,45,65,90,6400,70,45,1000000,100,120,1,0
Scyther,Scyther,50,1.5,56,70,110,80,105,6400,70,45,1000000,55,80,1,0
Jynx,Jynx,0,1.4,40.6,65,50,35,95,6400,70,45,1000000,115,95,1,0
Electabuzz,Electabuzz,75.4,1.1,30,65,83,57,105,6400,70,45,1000000,95,85,1,0
Magmar,Magmar,75.4,1.3,44.5,65,95,57,93,6400,70,45,1000000,100,85,1,0
Pinsir,Pinsir,50,1.5,55,65,155,120,105,6400,70,45,1250000,65,90,1,0
Tauros,Tauros,100,1.4,88.4,75,100,95,110,5120,70,45,1250000,40,70,1,0
Magikarp,Magikarp,50,0.9,10,20,10,55,80,1280,70,255,1250000,15,20,1,0
Gyarados,Gyarados,50,6.5,235,95,155,109,81,1280,70,45,1250000,70,130,1,0
Lapras,Lapras,50,2.5,220,130,85,80,60,10240,70,45,1250000,85,95,1,0
Ditto,Ditto,NA,0.3,4,48,48,48,48,5120,70,35,1000000,48,48,1,0
Eevee,Eevee,88.1,0.3,6.5,55,55,50,55,8960,70,45,1000000,45,65,1,0
Vaporeon,Vaporeon,88.1,1,29,130,65,60,65,8960,70,45,1000000,110,95,1,0
Jolteon,Jolteon,88.1,0.8,24.5,65,65,60,130,8960,70,45,1000000,110,95,1,0
Flareon,Flareon,88.1,0.9,25,65,130,60,65,8960,70,45,1000000,95,110,1,0
Porygon,Porygon,NA,0.8,36.5,65,60,70,40,5120,70,45,1000000,85,75,1,0
Omanyte,Omanyte,88.1,0.4,7.5,35,40,100,35,7680,70,45,1000000,90,55,1,0
Omastar,Omastar,88.1,1,35,70,60,125,55,7680,70,45,1000000,115,70,1,0
Kabuto,Kabuto,88.1,0.5,11.5,30,80,90,55,7680,70,45,1000000,55,45,1,0
Kabutops,Kabutops,88.1,1.3,40.5,60,115,105,80,7680,70,45,1000000,65,70,1,0
Aerodactyl,Aerodactyl,88.1,1.8,59,80,135,85,150,8960,70,45,1250000,70,95,1,0
Snorlax,Snorlax,88.1,2.1,460,160,110,65,30,10240,70,25,1250000,65,110,1,0
Articuno,Articuno,NA,1.7,55.4,90,85,100,85,20480,35,3,1250000,95,125,1,1
Zapdos,Zapdos,NA,1.6,52.6,90,90,85,100,20480,35,3,1250000,125,90,1,1
Moltres,Moltres,NA,2,60,90,100,90,90,20480,35,3,1250000,125,85,1,1
Dratini,Dratini,50,1.8,3.3,41,64,45,50,10240,35,45,1250000,50,50,1,0
Dragonair,Dragonair,50,4,16.5,61,84,65,70,10240,35,45,1250000,70,70,1,0
Dragonite,Dragonite,50,2.2,210,91,134,95,80,10240,35,45,1250000,100,100,1,0
Mewtwo,Mewtwo,NA,2,122,106,150,70,140,30720,0,3,1250000,194,120,1,1
Mew,Mew,NA,0.4,4,100,100,100,100,30720,100,45,1059860,100,100,1,1
Chikorita,Chikorita,88.1,0.9,6.4,45,49,65,45,5120,70,45,1059860,49,65,2,0
Bayleef,Bayleef,88.1,1.2,15.8,60,62,80,60,5120,70,45,1059860,63,80,2,0
Meganium,Meganium,88.1,1.8,100.5,80,82,100,80,5120,70,45,1059860,83,100,2,0
Cyndaquil,Cyndaquil,88.1,0.5,7.9,39,52,43,65,5120,70,45,1059860,60,50,2,0
Quilava,Quilava,88.1,0.9,19,58,64,58,80,5120,70,45,1059860,80,65,2,0
Typhlosion,Typhlosion,88.1,1.7,79.5,78,84,78,100,5120,70,45,1059860,109,85,2,0
Totodile,Totodile,88.1,0.6,9.5,50,65,64,43,5120,70,45,1059860,44,48,2,0
Croconaw,Croconaw,88.1,1.1,25,65,80,80,58,5120,70,45,1059860,59,63,2,0
Feraligatr,Feraligatr,88.1,2.3,88.8,85,105,100,78,5120,70,45,1059860,79,83,2,0
Sentret,Sentret,50,0.8,6,35,46,34,20,3840,70,255,1000000,35,45,2,0
Furret,Furret,50,1.8,32.5,85,76,64,90,3840,70,90,1000000,45,55,2,0
Hoothoot,Hoothoot,50,0.7,21.2,60,30,30,50,3840,70,255,1000000,36,56,2,0
Noctowl,Noctowl,50,1.6,40.8,100,50,50,70,3840,70,90,1000000,86,96,2,0
Ledyba,Ledyba,50,1,10.8,40,20,30,55,3840,70,255,800000,40,80,2,0
Ledian,Ledian,50,1.4,35.6,55,35,50,85,3840,70,90,800000,55,110,2,0
Spinarak,Spinarak,50,0.5,8.5,40,60,40,30,3840,70,255,800000,40,40,2,0
Ariados,Ariados,50,1.1,33.5,70,90,70,40,3840,70,90,800000,60,70,2,0
Crobat,Crobat,50,1.8,75,85,90,80,130,3840,70,90,1000000,70,80,2,0
Chinchou,Chinchou,50,0.5,12,75,38,38,67,5120,70,190,1250000,56,56,2,0
Lanturn,Lanturn,50,1.2,22.5,125,58,58,67,5120,70,75,1250000,76,76,2,0
Pichu,Pichu,50,0.3,2,20,40,15,60,2560,70,190,1000000,35,35,2,0
Cleffa,Cleffa,24.6,0.3,3,50,25,28,15,2560,140,150,800000,45,55,2,0
Igglybuff,Igglybuff,24.6,0.3,1,90,30,15,15,2560,70,170,800000,40,20,2,0
Togepi,Togepi,88.1,0.3,1.5,35,20,65,20,2560,70,190,800000,40,65,2,0
Togetic,Togetic,88.1,0.6,3.2,55,40,85,40,2560,70,75,800000,80,105,2,0
Natu,Natu,50,0.2,2,40,50,45,70,5120,70,190,1000000,70,45,2,0
Xatu,Xatu,50,1.5,15,65,75,70,95,5120,70,75,1000000,95,70,2,0
Mareep,Mareep,50,0.6,7.8,55,40,40,35,5120,70,235,1059860,65,45,2,0
Flaaffy,Flaaffy,50,0.8,13.3,70,55,55,45,5120,70,120,1059860,80,60,2,0
Ampharos,Ampharos,50,1.4,61.5,90,95,105,45,5120,70,45,1059860,165,110,2,0
Bellossom,Bellossom,50,0.4,5.8,75,80,95,50,5120,70,45,1059860,90,100,2,0
Marill,Marill,50,0.4,8.5,70,20,50,40,2560,70,190,800000,20,50,2,0
Azumarill,Azumarill,50,0.8,28.5,100,50,80,50,2560,70,75,800000,60,80,2,0
Sudowoodo,Sudowoodo,50,1.2,38,70,100,115,30,5120,70,65,1000000,30,65,2,0
Politoed,Politoed,50,1.1,33.9,90,75,75,70,5120,70,45,1059860,90,100,2,0
Hoppip,Hoppip,50,0.4,0.5,35,35,40,50,5120,70,255,1059860,35,55,2,0
Skiploom,Skiploom,50,0.6,1,55,45,50,80,5120,70,120,1059860,45,65,2,0
Jumpluff,Jumpluff,50,0.8,3,75,55,70,110,5120,70,45,1059860,55,95,2,0
Aipom,Aipom,50,0.8,11.5,55,70,55,85,5120,70,45,800000,40,55,2,0
Sunkern,Sunkern,50,0.3,1.8,30,30,30,30,5120,70,235,1059860,30,30,2,0
Sunflora,Sunflora,50,0.8,8.5,75,75,55,30,5120,70,120,1059860,105,85,2,0
Yanma,Yanma,50,1.2,38,65,65,45,95,5120,70,75,1000000,75,45,2,0
Wooper,Wooper,50,0.4,8.5,55,45,45,15,5120,70,255,1000000,25,25,2,0
Quagsire,Quagsire,50,1.4,75,95,85,85,35,5120,70,90,1000000,65,65,2,0
Espeon,Espeon,88.1,0.9,26.5,65,65,60,110,8960,70,45,1000000,130,95,2,0
Umbreon,Umbreon,88.1,1,27,95,65,110,65,8960,35,45,1000000,60,130,2,0
Murkrow,Murkrow,50,0.5,2.1,60,85,42,91,5120,35,30,1059860,85,42,2,0
Slowking,Slowking,50,2,79.5,95,75,80,30,5120,70,70,1000000,100,110,2,0
Misdreavus,Misdreavus,50,0.7,1,60,60,60,85,6400,35,45,800000,85,85,2,0
Unown,Unown,NA,0.5,5,48,72,48,48,10240,70,225,1000000,72,48,2,0
Wobbuffet,Wobbuffet,50,1.3,28.5,190,33,58,33,5120,70,45,1000000,33,58,2,0
Girafarig,Girafarig,50,1.5,41.5,70,80,65,85,5120,70,60,1000000,90,65,2,0
Pineco,Pineco,50,0.6,7.2,50,65,90,15,5120,70,190,1000000,35,35,2,0
Forretress,Forretress,50,1.2,125.8,75,90,140,40,5120,70,75,1000000,60,60,2,0
Dunsparce,Dunsparce,50,1.5,14,100,70,70,45,5120,70,190,1000000,65,65,2,0
Gligar,Gligar,50,1.1,64.8,65,75,105,85,5120,70,60,1059860,35,65,2,0
Steelix,Steelix,50,9.2,400,75,125,230,30,6400,70,25,1000000,55,95,2,0
Snubbull,Snubbull,24.6,0.6,7.8,60,80,50,30,5120,70,190,800000,40,40,2,0
Granbull,Granbull,24.6,1.4,48.7,90,120,75,45,5120,70,75,800000,60,60,2,0
Qwilfish,Qwilfish,50,0.5,3.9,65,95,85,85,5120,70,45,1000000,55,55,2,0
Scizor,Scizor,50,1.8,118,70,150,140,75,6400,70,25,1000000,65,100,2,0
Shuckle,Shuckle,50,0.6,20.5,20,10,230,5,5120,70,190,1059860,10,230,2,0
Heracross,Heracross,50,1.5,54,80,185,115,75,6400,70,45,1250000,40,105,2,0
Sneasel,Sneasel,50,0.9,28,55,95,55,115,5120,35,60,1059860,35,75,2,0
Teddiursa,Teddiursa,50,0.6,8.8,60,80,50,40,5120,70,120,1000000,50,50,2,0
Ursaring,Ursaring,50,1.8,125.8,90,130,75,55,5120,70,60,1000000,75,75,2,0
Slugma,Slugma,50,0.7,35,40,40,40,20,5120,70,190,1000000,70,40,2,0
Magcargo,Magcargo,50,0.8,55,60,50,120,30,5120,70,75,1000000,90,80,2,0
Swinub,Swinub,50,0.4,6.5,50,50,40,50,5120,70,225,1250000,30,30,2,0
Piloswine,Piloswine,50,1.1,55.8,100,100,80,50,5120,70,75,1250000,60,60,2,0
Corsola,Corsola,24.6,0.6,5,65,55,95,35,5120,70,60,800000,65,95,2,0
Remoraid,Remoraid,50,0.6,12,35,65,35,65,5120,70,190,1000000,65,35,2,0
Octillery,Octillery,50,0.9,28.5,75,105,75,45,5120,70,75,1000000,105,75,2,0
Delibird,Delibird,50,0.9,16,45,55,45,75,5120,70,45,800000,65,45,2,0
Mantine,Mantine,50,2.1,220,85,40,70,70,6400,70,25,1250000,80,140,2,0
Skarmory,Skarmory,50,1.7,50.5,65,80,140,70,6400,70,25,1250000,40,70,2,0
Houndour,Houndour,50,0.6,10.8,45,60,30,65,5120,35,120,1250000,80,50,2,0
Houndoom,Houndoom,50,1.4,35,75,90,90,115,5120,35,45,1250000,140,90,2,0
Kingdra,Kingdra,50,1.8,152,75,95,95,85,5120,70,45,1000000,95,95,2,0
Phanpy,Phanpy,50,0.5,33.5,90,60,60,40,5120,70,120,1000000,40,40,2,0
Donphan,Donphan,50,1.1,120,90,120,120,50,5120,70,60,1000000,60,60,2,0
Porygon2,Porygon2,NA,0.6,32.5,85,80,90,60,5120,70,45,1000000,105,95,2,0
Stantler,Stantler,50,1.4,71.2,73,95,62,85,5120,70,45,1250000,85,65,2,0
Smeargle,Smeargle,50,1.2,58,55,20,35,75,5120,70,45,800000,20,45,2,0
Tyrogue,Tyrogue,100,0.7,21,35,35,35,35,6400,70,75,1000000,35,35,2,0
Hitmontop,Hitmontop,100,1.4,48,50,95,95,70,6400,70,45,1000000,35,110,2,0
Smoochum,Smoochum,0,0.4,6,45,30,15,65,6400,70,45,1000000,85,65,2,0
Elekid,Elekid,75.4,0.6,23.5,45,63,37,95,6400,70,45,1000000,65,55,2,0
Magby,Magby,75.4,0.7,21.4,45,75,37,83,6400,70,45,1000000,70,55,2,0
Miltank,Miltank,0,1.2,75.5,95,80,105,100,5120,70,45,1250000,40,70,2,0
Blissey,Blissey,0,1.5,46.8,255,10,10,55,10240,140,30,800000,75,135,2,0
Raikou,Raikou,NA,1.9,178,90,85,75,115,20480,35,3,1250000,115,100,2,1
Entei,Entei,NA,2.1,198,115,115,85,100,20480,35,3,1250000,90,75,2,1
Suicune,Suicune,NA,2,187,100,75,115,85,20480,35,3,1250000,90,115,2,1
Larvitar,Larvitar,50,0.6,72,50,64,50,41,10240,35,45,1250000,45,50,2,0
Pupitar,Pupitar,50,1.2,152,70,84,70,51,10240,35,45,1250000,65,70,2,0
Tyranitar,Tyranitar,50,2,202,100,164,150,71,10240,35,45,1250000,95,120,2,0
Lugia,Lugia,NA,5.2,216,106,90,130,110,30720,0,3,1250000,90,154,2,1
Ho-Oh,Ho-Oh,NA,3.8,199,106,130,90,90,30720,0,3,1250000,110,154,2,1
Celebi,Celebi,NA,0.6,5,100,100,100,100,30720,100,45,1059860,100,100,2,1
Treecko,Treecko,88.1,0.5,5,40,45,35,70,5120,70,45,1059860,65,55,3,0
Grovyle,Grovyle,88.1,0.9,21.6,50,65,45,95,5120,70,45,1059860,85,65,3,0
Sceptile,Sceptile,88.1,1.7,52.2,70,110,75,145,5120,70,45,1059860,145,85,3,0
Torchic,Torchic,88.1,0.4,2.5,45,60,40,45,5120,70,45,1059860,70,50,3,0
Combusken,Combusken,88.1,0.9,19.5,60,85,60,55,5120,70,45,1059860,85,60,3,0
Blaziken,Blaziken,88.1,1.9,52,80,160,80,100,5120,70,45,1059860,130,80,3,0
Mudkip,Mudkip,88.1,0.4,7.6,50,70,50,40,5120,70,45,1059860,50,50,3,0
Marshtomp,Marshtomp,88.1,0.7,28,70,85,70,50,5120,70,45,1059860,60,70,3,0
Swampert,Swampert,88.1,1.5,81.9,100,150,110,70,5120,70,45,1059860,95,110,3,0
Poochyena,Poochyena,50,0.5,13.6,35,55,35,35,3840,70,255,1000000,30,30,3,0
Mightyena,Mightyena,50,1,37,70,90,70,70,3840,70,127,1000000,60,60,3,0
Zigzagoon,Zigzagoon,50,0.4,17.5,38,30,41,60,3840,70,255,1000000,30,41,3,0
Linoone,Linoone,50,0.5,32.5,78,70,61,100,3840,70,90,1000000,50,61,3,0
Wurmple,Wurmple,50,0.3,3.6,45,45,35,20,3840,70,255,1000000,20,30,3,0
Silcoon,Silcoon,50,0.6,10,50,35,55,15,3840,70,120,1000000,25,25,3,0
Beautifly,Beautifly,50,1,28.4,60,70,50,65,3840,70,45,1000000,100,50,3,0
Cascoon,Cascoon,50,0.7,11.5,50,35,55,15,3840,70,120,1000000,25,25,3,0
Dustox,Dustox,50,1.2,31.6,60,50,70,65,3840,70,45,1000000,50,90,3,0
Lotad,Lotad,50,0.5,2.6,40,30,30,30,3840,70,255,1059860,40,50,3,0
Lombre,Lombre,50,1.2,32.5,60,50,50,50,3840,70,120,1059860,60,70,3,0
Ludicolo,Ludicolo,50,1.5,55,80,70,70,70,3840,70,45,1059860,90,100,3,0
Seedot,Seedot,50,0.5,4,40,40,50,30,3840,70,255,1059860,30,30,3,0
Nuzleaf,Nuzleaf,50,1,28,70,70,40,60,3840,70,120,1059860,60,40,3,0
Shiftry,Shiftry,50,1.3,59.6,90,100,60,80,3840,70,45,1059860,90,60,3,0
Taillow,Taillow,50,0.3,2.3,40,55,30,85,3840,70,200,1059860,30,30,3,0
Swellow,Swellow,50,0.7,19.8,60,85,60,125,3840,70,45,1059860,75,50,3,0
Wingull,Wingull,50,0.6,9.5,40,30,30,85,5120,70,190,1000000,55,30,3,0
Pelipper,Pelipper,50,1.2,28,60,50,100,65,5120,70,45,1000000,95,70,3,0
Ralts,Ralts,50,0.4,6.6,28,25,25,40,5120,35,235,1250000,45,35,3,0
Kirlia,Kirlia,50,0.8,20.2,38,35,35,50,5120,35,120,1250000,65,55,3,0
Gardevoir,Gardevoir,50,1.6,48.4,68,85,65,100,5120,35,45,1250000,165,135,3,0
Surskit,Surskit,50,0.5,1.7,40,30,32,65,3840,70,200,1000000,50,52,3,0
Masquerain,Masquerain,50,0.8,3.6,70,60,62,80,3840,70,75,1000000,100,82,3,0
Shroomish,Shroomish,50,0.4,4.5,60,40,60,35,3840,70,255,1640000,40,60,3,0
Breloom,Breloom,50,1.2,39.2,60,130,80,70,3840,70,90,1640000,60,60,3,0
Slakoth,Slakoth,50,0.8,24,60,60,60,30,3840,70,255,1250000,35,35,3,0
Vigoroth,Vigoroth,50,1.4,46.5,80,80,80,90,3840,70,120,1250000,55,55,3,0
Slaking,Slaking,50,2,130.5,150,160,100,100,3840,70,45,1250000,95,65,3,0
Nincada,Nincada,50,0.5,5.5,31,45,90,40,3840,70,255,600000,30,30,3,0
Ninjask,Ninjask,50,0.8,12,61,90,45,160,3840,70,120,600000,50,50,3,0
Shedinja,Shedinja,NA,0.8,1.2,1,90,45,40,3840,70,45,600000,30,30,3,0
Whismur,Whismur,50,0.6,16.3,64,51,23,28,5120,70,190,1059860,51,23,3,0
Loudred,Loudred,50,1,40.5,84,71,43,48,5120,70,120,1059860,71,43,3,0
Exploud,Exploud,50,1.5,84,104,91,63,68,5120,70,45,1059860,91,73,3,0
Makuhita,Makuhita,75.4,1,86.4,72,60,30,25,5120,70,180,1640000,20,30,3,0
Hariyama,Hariyama,75.4,2.3,253.8,144,120,60,50,5120,70,200,1640000,40,60,3,0
Azurill,Azurill,24.6,0.2,2,50,20,40,20,2560,70,150,800000,20,40,3,0
Nosepass,Nosepass,50,1,97,30,45,135,30,5120,70,255,1000000,45,90,3,0
Skitty,Skitty,24.6,0.6,11,50,45,45,50,3840,70,255,800000,35,35,3,0
Delcatty,Delcatty,24.6,1.1,32.6,70,65,65,90,3840,70,60,800000,55,55,3,0
Sableye,Sableye,50,0.5,11,50,85,125,20,6400,35,45,1059860,85,115,3,0
Mawile,Mawile,50,0.6,11.5,50,105,125,50,5120,70,45,800000,55,95,3,0
Aron,Aron,50,0.4,60,50,70,100,30,8960,35,180,1250000,40,40,3,0
Lairon,Lairon,50,0.9,120,60,90,140,40,8960,35,90,1250000,50,50,3,0
Aggron,Aggron,50,2.1,360,70,140,230,50,8960,35,45,1250000,60,80,3,0
Meditite,Meditite,50,0.6,11.2,30,40,55,60,5120,70,180,1000000,40,55,3,0
Medicham,Medicham,50,1.3,31.5,60,100,85,100,5120,70,90,1000000,80,85,3,0
Electrike,Electrike,50,0.6,15.2,40,45,40,65,5120,70,120,1250000,65,40,3,0
Manectric,Manectric,50,1.5,40.2,70,75,80,135,5120,70,45,1250000,135,80,3,0
Plusle,Plusle,50,0.4,4.2,60,50,40,95,5120,70,200,1000000,85,75,3,0
Minun,Minun,50,0.4,4.2,60,40,50,95,5120,70,200,1000000,75,85,3,0
Volbeat,Volbeat,100,0.7,17.7,65,73,75,85,3840,70,150,600000,47,85,3,0
Illumise,Illumise,0,0.6,17.7,65,47,75,85,3840,70,150,1640000,73,85,3,0
Roselia,Roselia,50,0.3,2,50,60,45,65,5120,70,150,1059860,100,80,3,0
Gulpin,Gulpin,50,0.4,10.3,70,43,53,40,5120,70,225,1640000,43,53,3,0
Swalot,Swalot,50,1.7,80,100,73,83,55,5120,70,75,1640000,73,83,3,0
Carvanha,Carvanha,50,0.8,20.8,45,90,20,65,5120,35,225,1250000,65,20,3,0
Sharpedo,Sharpedo,50,1.8,88.8,70,140,70,105,5120,35,60,1250000,110,65,3,0
Wailmer,Wailmer,50,2,130,130,70,35,60,10240,70,125,1640000,70,35,3,0
Wailord,Wailord,50,14.5,398,170,90,45,60,10240,70,60,1640000,90,45,3,0
Numel,Numel,50,0.7,24,60,60,40,35,5120,70,255,1000000,65,45,3,0
Camerupt,Camerupt,50,1.9,220,70,120,100,20,5120,70,150,1000000,145,105,3,0
Torkoal,Torkoal,50,0.5,80.4,70,85,140,20,5120,70,90,1000000,85,70,3,0
Spoink,Spoink,50,0.7,30.6,60,25,35,60,5120,70,255,800000,70,80,3,0
Grumpig,Grumpig,50,0.9,71.5,80,45,65,80,5120,70,60,800000,90,110,3,0
Spinda,Spinda,50,1.1,5,60,60,60,60,3840,70,255,800000,60,60,3,0
Trapinch,Trapinch,50,0.7,15,45,100,45,10,5120,70,255,1059860,45,45,3,0
Vibrava,Vibrava,50,1.1,15.3,50,70,50,70,5120,70,120,1059860,50,50,3,0
Flygon,Flygon,50,2,82,80,100,80,100,5120,70,45,1059860,80,80,3,0
Cacnea,Cacnea,50,0.4,51.3,50,85,40,35,5120,35,190,1059860,85,40,3,0
Cacturne,Cacturne,50,1.3,77.4,70,115,60,55,5120,35,60,1059860,115,60,3,0
Swablu,Swablu,50,0.4,1.2,45,40,60,50,5120,70,255,600000,40,75,3,0
Altaria,Altaria,50,1.1,20.6,75,110,110,80,5120,70,45,600000,110,105,3,0
Zangoose,Zangoose,50,1.3,40.3,73,115,60,90,5120,70,90,600000,60,60,3,0
Seviper,Seviper,50,2.7,52.5,73,100,60,65,5120,70,90,1640000,100,60,3,0
Lunatone,Lunatone,NA,1,168,90,55,65,70,6400,70,45,800000,95,85,3,0
Solrock,Solrock,NA,1.2,154,90,95,85,70,6400,70,45,800000,55,65,3,0
Barboach,Barboach,50,0.4,1.9,50,48,43,60,5120,70,190,1000000,46,41,3,0
Whiscash,Whiscash,50,0.9,23.6,110,78,73,60,5120,70,75,1000000,76,71,3,0
Corphish,Corphish,50,0.6,11.5,43,80,65,35,3840,70,205,1640000,50,35,3,0
Crawdaunt,Crawdaunt,50,1.1,32.8,63,120,85,55,3840,70,155,1640000,90,55,3,0
Baltoy,Baltoy,NA,0.5,21.5,40,40,55,55,5120,70,255,1000000,40,70,3,0
Claydol,Claydol,NA,1.5,108,60,70,105,75,5120,70,90,1000000,70,120,3,0
Lileep,Lileep,88.1,1,23.8,66,41,77,23,7680,70,45,600000,61,87,3,0
Cradily,Cradily,88.1,1.5,60.4,86,81,97,43,7680,70,45,600000,81,107,3,0
Anorith,Anorith,88.1,0.7,12.5,45,95,50,75,7680,70,45,600000,40,50,3,0
Armaldo,Armaldo,88.1,1.5,68.2,75,125,100,45,7680,70,45,600000,70,80,3,0
Feebas,Feebas,50,0.6,7.4,20,15,20,80,5120,70,255,600000,10,55,3,0
Milotic,Milotic,50,6.2,162,95,60,79,81,5120,70,60,600000,100,125,3,0
Castform,Castform,50,0.3,0.8,70,70,70,70,6400,70,45,1000000,70,70,3,0
Kecleon,Kecleon,50,1,22,60,90,70,40,5120,70,200,1059860,60,120,3,0
Shuppet,Shuppet,50,0.6,2.3,44,75,35,45,6400,35,225,800000,63,33,3,0
Banette,Banette,50,1.1,12.5,64,165,75,75,6400,35,45,800000,93,83,3,0
Duskull,Duskull,50,0.8,15,20,40,90,25,6400,35,190,800000,30,90,3,0
Dusclops,Dusclops,50,1.6,30.6,40,70,130,25,6400,35,90,800000,60,130,3,0
Tropius,Tropius,50,2,100,99,68,83,51,6400,70,200,1250000,72,87,3,0
Chimecho,Chimecho,50,0.6,1,75,50,80,65,6400,70,45,800000,95,90,3,0
Absol,Absol,50,1.2,47,65,150,60,115,6400,35,30,1059860,115,60,3,0
Wynaut,Wynaut,50,0.6,14,95,23,48,23,5120,70,125,1000000,23,48,3,0
Snorunt,Snorunt,50,0.7,16.8,50,50,50,50,5120,70,190,1000000,50,50,3,0
Glalie,Glalie,50,1.5,256.5,80,120,80,100,5120,70,75,1000000,120,80,3,0
Spheal,Spheal,50,0.8,39.5,70,40,50,25,5120,70,255,1059860,55,50,3,0
Sealeo,Sealeo,50,1.1,87.6,90,60,70,45,5120,70,120,1059860,75,70,3,0
Walrein,Walrein,50,1.4,150.6,110,80,90,65,5120,70,45,1059860,95,90,3,0
Clamperl,Clamperl,50,0.4,52.5,35,64,85,32,5120,70,255,600000,74,55,3,0
Huntail,Huntail,50,1.7,27,55,104,105,52,5120,70,60,600000,94,75,3,0
Gorebyss,Gorebyss,50,1.8,22.6,55,84,105,52,5120,70,60,600000,114,75,3,0
Relicanth,Relicanth,88.1,1,23.4,100,90,130,55,10240,70,25,1250000,45,65,3,0
Luvdisc,Luvdisc,24.6,0.6,8.7,43,30,55,97,5120,70,225,800000,40,65,3,0
Bagon,Bagon,50,0.6,42.1,45,75,60,50,10240,35,45,1250000,40,30,3,0
Shelgon,Shelgon,50,1.1,110.5,65,95,100,50,10240,35,45,1250000,60,50,3,0
Salamence,Salamence,50,1.5,102.6,95,145,130,120,10240,35,45,1250000,120,90,3,0
Beldum,Beldum,NA,0.6,95.2,40,55,80,30,10240,35,3,1250000,35,60,3,0
Metang,Metang,NA,1.2,202.5,60,75,100,50,10240,35,3,1250000,55,80,3,0
Metagross,Metagross,NA,1.6,550,80,145,150,110,10240,35,3,1250000,105,110,3,0
Regirock,Regirock,NA,1.7,230,80,100,200,50,20480,35,3,1250000,50,100,3,1
Regice,Regice,NA,1.8,175,80,50,100,50,20480,35,3,1250000,100,200,3,1
Registeel,Registeel,NA,1.9,205,80,75,150,50,20480,35,3,1250000,75,150,3,1
Latias,Latias,0,1.4,40,80,100,120,110,30720,90,3,1250000,140,150,3,1
Latios,Latios,100,2,60,80,130,100,110,30720,90,3,1250000,160,120,3,1
Kyogre,Kyogre,NA,4.5,352,100,150,90,90,30720,0,3,1250000,180,160,3,1
Groudon,Groudon,NA,3.5,950,100,180,160,90,30720,0,3,1250000,150,90,3,1
Rayquaza,Rayquaza,NA,7,206.5,105,180,100,115,30720,0,45,1250000,180,100,3,1
Jirachi,Jirachi,NA,0.3,1.1,100,100,100,100,30720,100,3,1250000,100,100,3,1
Deoxys,Deoxys,NA,1.7,60.8,50,95,90,180,30720,0,3,1250000,95,90,3,1
Turtwig,Turtwig,88.1,0.4,10.2,55,68,64,31,5120,70,45,1059860,45,55,4,0
Grotle,Grotle,88.1,1.1,97,75,89,85,36,5120,70,45,1059860,55,65,4,0
Torterra,Torterra,88.1,2.2,310,95,109,105,56,5120,70,45,1059860,75,85,4,0
Chimchar,Chimchar,88.1,0.5,6.2,44,58,44,61,5120,70,45,1059860,58,44,4,0
Monferno,Monferno,88.1,0.9,22,64,78,52,81,5120,70,45,1059860,78,52,4,0
Infernape,Infernape,88.1,1.2,55,76,104,71,108,5120,70,45,1059860,104,71,4,0
Piplup,Piplup,88.1,0.4,5.2,53,51,53,40,5120,70,45,1059860,61,56,4,0
Prinplup,Prinplup,88.1,0.8,23,64,66,68,50,5120,70,45,1059860,81,76,4,0
Empoleon,Empoleon,88.1,1.7,84.5,84,86,88,60,5120,70,45,1059860,111,101,4,0
Starly,Starly,50,0.3,2,40,55,30,60,3840,70,255,1059860,30,30,4,0
Staravia,Staravia,50,0.6,15.5,55,75,50,80,3840,70,120,1059860,40,40,4,0
Staraptor,Staraptor,50,1.2,24.9,85,120,70,100,3840,70,45,1059860,50,60,4,0
Bidoof,Bidoof,50,0.5,20,59,45,40,31,3840,70,255,1000000,35,40,4,0
Bibarel,Bibarel,50,1,31.5,79,85,60,71,3840,70,127,1000000,55,60,4,0
Kricketot,Kricketot,50,0.3,2.2,37,25,41,25,3840,70,255,1059860,25,41,4,0
Kricketune,Kricketune,50,1,25.5,77,85,51,65,3840,70,45,1059860,55,51,4,0
Shinx,Shinx,50,0.5,9.5,45,65,34,45,5120,70,235,1059860,40,34,4,0
Luxio,Luxio,50,0.9,30.5,60,85,49,60,5120,100,120,1059860,60,49,4,0
Luxray,Luxray,50,1.4,42,80,120,79,70,5120,70,45,1059860,95,79,4,0
Budew,Budew,50,0.2,1.2,40,30,35,55,5120,70,255,1059860,50,70,4,0
Roserade,Roserade,50,0.9,14.5,60,70,65,90,5120,70,75,1059860,125,105,4,0
Cranidos,Cranidos,88.1,0.9,31.5,67,125,40,58,7680,70,45,600000,30,30,4,0
Rampardos,Rampardos,88.1,1.6,102.5,97,165,60,58,7680,70,45,600000,65,50,4,0
Shieldon,Shieldon,88.1,0.5,57,30,42,118,30,7680,70,45,600000,42,88,4,0
Bastiodon,Bastiodon,88.1,1.3,149.5,60,52,168,30,7680,70,45,600000,47,138,4,0
Burmy,Burmy,50,0.2,3.4,40,29,45,36,3840,70,120,1000000,29,45,4,0
Wormadam,Wormadam,0,0.5,6.5,60,69,95,36,3840,70,45,1000000,69,95,4,0
Mothim,Mothim,100,0.9,23.3,70,94,50,66,3840,70,45,1000000,94,50,4,0
Combee,Combee,88.1,0.3,5.5,30,30,42,70,3840,70,120,1059860,30,42,4,0
Vespiquen,Vespiquen,0,1.2,38.5,70,80,102,40,3840,70,45,1059860,80,102,4,0
Pachirisu,Pachirisu,50,0.4,3.9,60,45,70,95,2560,100,200,1000000,45,90,4,0
Buizel,Buizel,50,0.7,29.5,55,65,35,85,5120,70,190,1000000,60,30,4,0
Floatzel,Floatzel,50,1.1,33.5,85,105,55,115,5120,70,75,1000000,85,50,4,0
Cherubi,Cherubi,50,0.4,3.3,45,35,45,35,5120,70,190,1000000,62,53,4,0
Cherrim,Cherrim,50,0.5,9.3,70,60,70,85,5120,70,75,1000000,87,78,4,0
Shellos,Shellos,50,0.3,6.3,76,48,48,34,5120,70,190,1000000,57,62,4,0
Gastrodon,Gastrodon,50,0.9,29.9,111,83,68,39,5120,70,75,1000000,92,82,4,0
Ambipom,Ambipom,50,1.2,20.3,75,100,66,115,5120,100,45,800000,60,66,4,0
Drifloon,Drifloon,50,0.4,1.2,90,50,34,70,7680,70,125,1640000,60,44,4,0
Drifblim,Drifblim,50,1.2,15,150,80,44,80,7680,70,60,1640000,90,54,4,0
Buneary,Buneary,50,0.4,5.5,55,66,44,85,5120,0,190,1000000,44,56,4,0
Lopunny,Lopunny,50,1.2,33.3,65,136,94,135,5120,140,60,1000000,54,96,4,0
Mismagius,Mismagius,50,0.9,4.4,60,60,60,105,6400,35,45,800000,105,105,4,0
Honchkrow,Honchkrow,50,0.9,27.3,100,125,52,71,5120,35,30,1059860,105,52,4,0
Glameow,Glameow,24.6,0.5,3.9,49,55,42,85,5120,70,190,800000,42,37,4,0
Purugly,Purugly,24.6,1,43.8,71,82,64,112,5120,70,75,800000,64,59,4,0
Chingling,Chingling,50,0.2,0.6,45,30,50,45,6400,70,120,800000,65,50,4,0
Stunky,Stunky,50,0.4,19.2,63,63,47,74,5120,70,225,1000000,41,41,4,0
Skuntank,Skuntank,50,1,38,103,93,67,84,5120,70,60,1000000,71,61,4,0
Bronzor,Bronzor,NA,0.5,60.5,57,24,86,23,5120,70,255,1000000,24,86,4,0
Bronzong,Bronzong,NA,1.3,187,67,89,116,33,5120,70,90,1000000,79,116,4,0
Bonsly,Bonsly,50,0.5,15,50,80,95,10,5120,70,255,1000000,10,45,4,0
Mime Jr.,Mime Jr.,50,0.6,13,20,25,45,60,6400,70,145,1000000,70,90,4,0
Happiny,Happiny,0,0.6,24.4,100,5,5,30,10240,140,130,800000,15,65,4,0
Chatot,Chatot,50,0.5,1.9,76,65,45,91,5120,35,30,1059860,92,42,4,0
Spiritomb,Spiritomb,50,1,108,50,92,108,35,7680,70,100,1000000,92,108,4,0
Gible,Gible,50,0.7,20.5,58,70,45,42,10240,70,45,1250000,40,45,4,0
Gabite,Gabite,50,1.4,56,68,90,65,82,10240,70,45,1250000,50,55,4,0
Garchomp,Garchomp,50,1.9,95,108,170,115,92,10240,70,45,1250000,120,95,4,0
Munchlax,Munchlax,88.1,0.6,105,135,85,40,5,10240,70,50,1250000,40,85,4,0
Riolu,Riolu,88.1,0.7,20.2,40,70,40,60,6400,70,75,1059860,35,40,4,0
Lucario,Lucario,88.1,1.2,54,70,145,88,112,6400,70,45,1059860,140,70,4,0
Hippopotas,Hippopotas,50,0.8,49.5,68,72,78,32,7680,70,140,1250000,38,42,4,0
Hippowdon,Hippowdon,50,2,300,108,112,118,47,7680,70,60,1250000,68,72,4,0
Skorupi,Skorupi,50,0.8,12,40,50,90,65,5120,70,120,1250000,30,55,4,0
Drapion,Drapion,50,1.3,61.5,70,90,110,95,5120,70,45,1250000,60,75,4,0
Croagunk,Croagunk,50,0.7,23,48,61,40,50,2560,100,140,1000000,61,40,4,0
Toxicroak,Toxicroak,50,1.3,44.4,83,106,65,85,5120,70,75,1000000,86,65,4,0
Carnivine,Carnivine,50,1.4,27,74,100,72,46,6400,70,200,1250000,90,72,4,0
Finneon,Finneon,50,0.4,7,49,49,56,66,5120,70,190,600000,49,61,4,0
Lumineon,Lumineon,50,1.2,24,69,69,76,91,5120,70,75,600000,69,86,4,0
Mantyke,Mantyke,50,1,65,45,20,50,50,6400,70,25,1250000,60,120,4,0
Snover,Snover,50,1,50.5,60,62,50,40,5120,70,120,1250000,62,60,4,0
Abomasnow,Abomasnow,50,2.2,135.5,90,132,105,30,5120,70,60,1250000,132,105,4,0
Weavile,Weavile,50,1.1,34,70,120,65,125,5120,35,45,1059860,45,85,4,0
Magnezone,Magnezone,NA,1.2,180,70,70,115,60,5120,70,30,1000000,130,90,4,0
Lickilicky,Lickilicky,50,1.7,140,110,85,95,50,5120,70,30,1000000,80,95,4,0
Rhyperior,Rhyperior,50,2.4,282.8,115,140,130,40,5120,70,30,1250000,55,55,4,0
Tangrowth,Tangrowth,50,2,128.6,100,100,125,50,5120,70,30,1000000,110,50,4,0
Electivire,Electivire,75.4,1.8,138.6,75,123,67,95,6400,70,30,1000000,95,85,4,0
Magmortar,Magmortar,75.4,1.6,68,75,95,67,83,6400,70,30,1000000,125,95,4,0
Togekiss,Togekiss,88.1,1.5,38,85,50,95,80,2560,70,30,800000,120,115,4,0
Yanmega,Yanmega,50,1.9,51.5,86,76,86,95,5120,70,30,1000000,116,56,4,0
Leafeon,Leafeon,88.1,1,25.5,65,110,130,95,8960,35,45,1000000,60,65,4,0
Glaceon,Glaceon,88.1,0.8,25.9,65,60,110,65,8960,35,45,1000000,130,95,4,0
Gliscor,Gliscor,50,2,42.5,75,95,125,95,5120,70,30,1059860,45,75,4,0
Mamoswine,Mamoswine,50,2.5,291,110,130,80,80,5120,70,50,1250000,70,60,4,0
Porygon-Z,Porygon-Z,NA,0.9,34,85,80,70,90,5120,70,30,1000000,135,75,4,0
Gallade,Gallade,100,1.6,52,68,165,95,110,5120,35,45,1250000,65,115,4,0
Probopass,Probopass,50,1.4,340,60,55,145,40,5120,70,60,1000000,75,150,4,0
Dusknoir,Dusknoir,50,2.2,106.6,45,100,135,45,6400,35,45,800000,65,135,4,0
Froslass,Froslass,0,1.3,26.6,70,80,70,110,5120,70,75,1000000,80,70,4,0
Rotom,Rotom,NA,0.3,0.3,50,65,107,86,5120,70,45,1000000,105,107,4,0
Uxie,Uxie,NA,0.3,0.3,75,75,130,95,20480,140,3,1250000,75,130,4,1
Mesprit,Mesprit,NA,0.3,0.3,80,105,105,80,20480,140,3,1250000,105,105,4,1
Azelf,Azelf,NA,0.3,0.3,75,125,70,115,20480,140,3,1250000,125,70,4,1
Dialga,Dialga,NA,5.4,683,100,120,120,90,30720,0,3,1250000,150,100,4,1
Palkia,Palkia,NA,4.2,336,90,120,100,100,30720,0,3,1250000,150,120,4,1
Heatran,Heatran,50,1.7,430,91,90,106,77,2560,100,3,1250000,130,106,4,1
Regigigas,Regigigas,NA,3.7,420,110,160,110,100,30720,0,3,1250000,80,110,4,1
Giratina,Giratina,NA,4.5,750,150,120,100,90,30720,0,3,1250000,120,100,4,1
Cresselia,Cresselia,0,1.5,85.6,120,70,120,85,30720,100,3,1250000,75,130,4,1
Phione,Phione,NA,0.4,3.1,80,80,80,80,10240,70,30,1250000,80,80,4,0
Manaphy,Manaphy,NA,0.3,1.4,100,100,100,100,2560,70,3,1250000,100,100,4,1
Darkrai,Darkrai,NA,1.5,50.5,70,90,90,125,30720,0,3,1250000,135,90,4,1
Shaymin,Shaymin,NA,0.2,2.1,100,103,75,127,30720,100,45,1059860,120,75,4,1
Arceus,Arceus,NA,3.2,320,120,120,120,120,30720,0,3,1250000,120,120,4,1
Victini,Victini,NA,0.4,4,100,100,100,100,30720,100,3,1250000,100,100,5,1
Snivy,Snivy,88.1,0.6,8.1,45,45,55,63,5120,70,45,1059860,45,55,5,0
Servine,Servine,88.1,0.8,16,60,60,75,83,5120,70,45,1059860,60,75,5,0
Serperior,Serperior,88.1,3.3,63,75,75,95,113,5120,70,45,1059860,75,95,5,0
Tepig,Tepig,88.1,0.5,9.9,65,63,45,45,5120,70,45,1059860,45,45,5,0
Pignite,Pignite,88.1,1,55.5,90,93,55,55,5120,70,45,1059860,70,55,5,0
Emboar,Emboar,88.1,1.6,150,110,123,65,65,5120,70,45,1059860,100,65,5,0
Oshawott,Oshawott,88.1,0.5,5.9,55,55,45,45,5120,70,45,1059860,63,45,5,0
Dewott,Dewott,88.1,0.8,24.5,75,75,60,60,5120,70,45,1059860,83,60,5,0
Samurott,Samurott,88.1,1.5,94.6,95,100,85,70,5120,70,45,1059860,108,70,5,0
Patrat,Patrat,50,0.5,11.6,45,55,39,42,3840,70,255,1000000,35,39,5,0
Watchog,Watchog,50,1.1,27,60,85,69,77,5120,70,255,1000000,60,69,5,0
Lillipup,Lillipup,50,0.4,4.1,45,60,45,55,3840,70,255,1059860,25,45,5,0
Herdier,Herdier,50,0.9,14.7,65,80,65,60,3840,70,120,1059860,35,65,5,0
Stoutland,Stoutland,50,1.2,61,85,110,90,80,3840,70,45,1059860,45,90,5,0
Purrloin,Purrloin,50,0.4,10.1,41,50,37,66,5120,70,255,1000000,50,37,5,0
Liepard,Liepard,50,1.1,37.5,64,88,50,106,5120,70,90,1000000,88,50,5,0
Pansage,Pansage,88.1,0.6,10.5,50,53,48,64,5120,70,190,1000000,53,48,5,0
Simisage,Simisage,88.1,1.1,30.5,75,98,63,101,5120,70,75,1000000,98,63,5,0
Pansear,Pansear,88.1,0.6,11,50,53,48,64,5120,70,190,1000000,53,48,5,0
Simisear,Simisear,88.1,1,28,75,98,63,101,5120,70,75,1000000,98,63,5,0
Panpour,Panpour,88.1,0.6,13.5,50,53,48,64,5120,70,190,1000000,53,48,5,0
Simipour,Simipour,88.1,1,29,75,98,63,101,5120,70,75,1000000,98,63,5,0
Munna,Munna,50,0.6,23.3,76,25,45,24,2560,70,190,800000,67,55,5,0
Musharna,Musharna,50,1.1,60.5,116,55,85,29,2560,70,75,800000,107,95,5,0
Pidove,Pidove,50,0.3,2.1,50,55,50,43,3840,70,255,1059860,36,30,5,0
Tranquill,Tranquill,50,0.6,15,62,77,62,65,3840,70,120,1059860,50,42,5,0
Unfezant,Unfezant,50,1.2,29,80,115,80,93,3840,70,45,1059860,65,55,5,0
Blitzle,Blitzle,50,0.8,29.8,45,60,32,76,5120,70,190,1000000,50,32,5,0
Zebstrika,Zebstrika,50,1.6,79.5,75,100,63,116,5120,70,75,1000000,80,63,5,0
Roggenrola,Roggenrola,50,0.4,18,55,75,85,15,3840,70,255,1059860,25,25,5,0
Boldore,Boldore,50,0.9,102,70,105,105,20,3840,70,120,1059860,50,40,5,0
Gigalith,Gigalith,50,1.7,260,85,135,130,25,3840,70,45,1059860,60,80,5,0
Woobat,Woobat,50,0.4,2.1,65,45,43,72,3840,70,190,1000000,55,43,5,0
Swoobat,Swoobat,50,0.9,10.5,67,57,55,114,3840,70,45,1000000,77,55,5,0
Drilbur,Drilbur,50,0.3,8.5,60,85,40,68,5120,70,120,1000000,30,45,5,0
Excadrill,Excadrill,50,0.7,40.4,110,135,60,88,5120,70,60,1000000,50,65,5,0
Audino,Audino,50,1.1,31,103,60,126,50,5120,70,255,800000,80,126,5,0
Timburr,Timburr,75.4,0.6,12.5,75,80,55,35,5120,70,180,1059860,25,35,5,0
Gurdurr,Gurdurr,75.4,1.2,40,85,105,85,40,5120,70,90,1059860,40,50,5,0
Conkeldurr,Conkeldurr,75.4,1.4,87,105,140,95,45,5120,70,45,1059860,55,65,5,0
Tympole,Tympole,50,0.5,4.5,50,50,40,64,5120,70,255,1059860,50,40,5,0
Palpitoad,Palpitoad,50,0.8,17,75,65,55,69,5120,70,120,1059860,65,55,5,0
Seismitoad,Seismitoad,50,1.5,62,105,95,75,74,5120,70,45,1059860,85,75,5,0
Throh,Throh,100,1.3,55.5,120,100,85,45,5120,70,45,1000000,30,85,5,0
Sawk,Sawk,100,1.4,51,75,125,75,85,5120,70,45,1000000,30,75,5,0
Sewaddle,Sewaddle,50,0.3,2.5,45,53,70,42,3840,70,255,1059860,40,60,5,0
Swadloon,Swadloon,50,0.5,7.3,55,63,90,42,3840,70,120,1059860,50,80,5,0
Leavanny,Leavanny,50,1.2,20.5,75,103,80,92,3840,70,45,1059860,70,80,5,0
Venipede,Venipede,50,0.4,5.3,30,45,59,57,3840,70,255,1059860,30,39,5,0
Whirlipede,Whirlipede,50,1.2,58.5,40,55,99,47,3840,70,120,1059860,40,79,5,0
Scolipede,Scolipede,50,2.5,200.5,60,100,89,112,5120,70,45,1059860,55,69,5,0
Cottonee,Cottonee,50,0.3,0.6,40,27,60,66,5120,70,190,1000000,37,50,5,0
Whimsicott,Whimsicott,50,0.7,6.6,60,67,85,116,5120,70,75,1000000,77,75,5,0
Petilil,Petilil,0,0.5,6.6,45,35,50,30,5120,70,190,1000000,70,50,5,0
Lilligant,Lilligant,0,1.1,16.3,70,60,75,90,5120,70,75,1000000,110,75,5,0
Basculin,Basculin,50,1,18,70,92,65,98,10240,70,25,1000000,80,55,5,0
Sandile,Sandile,50,0.7,15.2,50,72,35,65,5120,70,180,1059860,35,35,5,0
Krokorok,Krokorok,50,1,33.4,60,82,45,74,5120,70,90,1059860,45,45,5,0
Krookodile,Krookodile,50,1.5,96.3,95,117,80,92,5120,70,45,1059860,65,70,5,0
Darumaka,Darumaka,50,0.6,37.5,70,90,45,50,5120,70,120,1059860,15,45,5,0
Darmanitan,Darmanitan,50,1.3,92.9,105,30,105,55,5120,70,60,1059860,140,105,5,0
Maractus,Maractus,50,1,28,75,86,67,60,5120,70,255,1000000,106,67,5,0
Dwebble,Dwebble,50,0.3,14.5,50,65,85,55,5120,70,190,1000000,35,35,5,0
Crustle,Crustle,50,1.4,200,70,105,125,45,5120,70,75,1000000,65,75,5,0
Scraggy,Scraggy,50,0.6,11.8,50,75,70,48,3840,35,180,1000000,35,70,5,0
Scrafty,Scrafty,50,1.1,30,65,90,115,58,3840,70,90,1000000,45,115,5,0
Sigilyph,Sigilyph,50,1.4,14,72,58,80,97,5120,70,45,1000000,103,80,5,0
Yamask,Yamask,50,0.5,1.5,38,30,85,30,6400,70,190,1000000,55,65,5,0
Cofagrigus,Cofagrigus,50,1.7,76.5,58,50,145,30,6400,70,90,1000000,95,105,5,0
Tirtouga,Tirtouga,88.1,0.7,16.5,54,78,103,22,7680,70,45,1000000,53,45,5,0
Carracosta,Carracosta,88.1,1.2,81,74,108,133,32,7680,70,45,1000000,83,65,5,0
Archen,Archen,88.1,0.5,9.5,55,112,45,70,7680,70,45,1000000,74,45,5,0
Archeops,Archeops,88.1,1.4,32,75,140,65,110,7680,70,45,1000000,112,65,5,0
Trubbish,Trubbish,50,0.6,31,50,50,62,65,5120,70,190,1000000,40,62,5,0
Garbodor,Garbodor,50,1.9,107.3,80,95,82,75,5120,70,60,1000000,60,82,5,0
Zorua,Zorua,88.1,0.7,12.5,40,65,40,65,6400,70,75,1059860,80,40,5,0
Zoroark,Zoroark,88.1,1.6,81.1,60,105,60,105,5120,70,45,1059860,120,60,5,0
Minccino,Minccino,24.6,0.4,5.8,55,50,40,75,3840,70,255,800000,40,40,5,0
Cinccino,Cinccino,24.6,0.5,7.5,75,95,60,115,3840,70,60,800000,65,60,5,0
Gothita,Gothita,24.6,0.4,5.8,45,30,50,45,5120,70,200,1059860,55,65,5,0
Gothorita,Gothorita,24.6,0.7,18,60,45,70,55,5120,70,100,1059860,75,85,5,0
Gothitelle,Gothitelle,24.6,1.5,44,70,55,95,65,5120,70,50,1059860,95,110,5,0
Solosis,Solosis,50,0.3,1,45,30,40,20,5120,70,200,1059860,105,50,5,0
Duosion,Duosion,50,0.6,8,65,40,50,30,5120,70,100,1059860,125,60,5,0
Reuniclus,Reuniclus,50,1,20.1,110,65,75,30,5120,70,50,1059860,125,85,5,0
Ducklett,Ducklett,50,0.5,5.5,62,44,50,55,5120,70,190,1000000,44,50,5,0
Swanna,Swanna,50,1.3,24.2,75,87,63,98,5120,70,45,1000000,87,63,5,0
Vanillite,Vanillite,50,0.4,5.7,36,50,50,44,5120,70,255,1250000,65,60,5,0
Vanillish,Vanillish,50,1.1,41,51,65,65,59,5120,70,120,1250000,80,75,5,0
Vanilluxe,Vanilluxe,50,1.3,57.5,71,95,85,79,5120,70,45,1250000,110,95,5,0
Deerling,Deerling,50,0.6,19.5,60,60,50,75,5120,70,190,1000000,40,50,5,0
Sawsbuck,Sawsbuck,50,1.9,92.5,80,100,70,95,5120,70,75,1000000,60,70,5,0
Emolga,Emolga,50,0.4,5,55,75,60,103,5120,70,200,1000000,75,60,5,0
Karrablast,Karrablast,50,0.5,5.9,50,75,45,60,3840,70,200,1000000,40,45,5,0
Escavalier,Escavalier,50,1,33,70,135,105,20,3840,70,75,1000000,60,105,5,0
Foongus,Foongus,50,0.2,1,69,55,45,15,5120,70,190,1000000,55,55,5,0
Amoonguss,Amoonguss,50,0.6,10.5,114,85,70,30,5120,70,75,1000000,85,80,5,0
Frillish,Frillish,50,1.2,33,55,40,50,40,5120,70,190,1000000,65,85,5,0
Jellicent,Jellicent,50,2.2,135,100,60,70,60,5120,70,60,1000000,85,105,5,0
Alomomola,Alomomola,50,1.2,31.6,165,75,80,65,10240,70,75,800000,40,45,5,0
Joltik,Joltik,50,0.1,0.6,50,47,50,65,5120,70,190,1000000,57,50,5,0
Galvantula,Galvantula,50,0.8,14.3,70,77,60,108,5120,70,75,1000000,97,60,5,0
Ferroseed,Ferroseed,50,0.6,18.8,44,50,91,10,5120,70,255,1000000,24,86,5,0
Ferrothorn,Ferrothorn,50,1,110,74,94,131,20,5120,70,90,1000000,54,116,5,0
Klink,Klink,NA,0.3,21,40,55,70,30,5120,70,130,1059860,45,60,5,0
Klang,Klang,NA,0.6,51,60,80,95,50,5120,70,60,1059860,70,85,5,0
Klinklang,Klinklang,NA,0.6,81,60,100,115,90,5120,70,30,1059860,70,85,5,0
Tynamo,Tynamo,50,0.2,0.3,35,55,40,60,5120,70,190,1250000,45,40,5,0
Eelektrik,Eelektrik,50,1.2,22,65,85,70,40,5120,70,60,1250000,75,70,5,0
Eelektross,Eelektross,50,2.1,80.5,85,115,80,50,5120,70,30,1250000,105,80,5,0
Elgyem,Elgyem,50,0.5,9,55,55,55,30,5120,70,255,1000000,85,55,5,0
Beheeyem,Beheeyem,50,1,34.5,75,75,75,40,5120,70,90,1000000,125,95,5,0
Litwick,Litwick,50,0.3,3.1,50,30,55,20,5120,70,190,1059860,65,55,5,0
Lampent,Lampent,50,0.6,13,60,40,60,55,5120,70,90,1059860,95,60,5,0
Chandelure,Chandelure,50,1,34.3,60,55,90,80,5120,70,45,1059860,145,90,5,0
Axew,Axew,50,0.6,18,46,87,60,57,10240,35,75,1250000,30,40,5,0
Fraxure,Fraxure,50,1,36,66,117,70,67,10240,35,60,1250000,40,50,5,0
Haxorus,Haxorus,50,1.8,105.5,76,147,90,97,10240,35,45,1250000,60,70,5,0
Cubchoo,Cubchoo,50,0.5,8.5,55,70,40,40,5120,70,120,1000000,60,40,5,0
Beartic,Beartic,50,2.6,260,95,130,80,50,5120,70,60,1000000,70,80,5,0
Cryogonal,Cryogonal,NA,1.1,148,80,50,50,105,6400,70,25,1000000,95,135,5,0
Shelmet,Shelmet,50,0.4,7.7,50,40,85,25,3840,70,200,1000000,40,65,5,0
Accelgor,Accelgor,50,0.8,25.3,80,70,40,145,3840,70,75,1000000,100,60,5,0
Stunfisk,Stunfisk,50,0.7,11,109,66,84,32,5120,70,75,1000000,81,99,5,0
Mienfoo,Mienfoo,50,0.9,20,45,85,50,65,6400,70,180,1059860,55,50,5,0
Mienshao,Mienshao,50,1.4,35.5,65,125,60,105,6400,70,45,1059860,95,60,5,0
Druddigon,Druddigon,50,1.6,139,77,120,90,48,7680,70,45,1000000,60,90,5,0
Golett,Golett,NA,1,92,59,74,50,35,6400,70,190,1000000,35,50,5,0
Golurk,Golurk,NA,2.8,330,89,124,80,55,6400,70,90,1000000,55,80,5,0
Pawniard,Pawniard,50,0.5,10.2,45,85,70,60,5120,35,120,1000000,40,40,5,0
Bisharp,Bisharp,50,1.6,70,65,125,100,70,5120,35,45,1000000,60,70,5,0
Bouffalant,Bouffalant,50,1.6,94.6,95,110,95,55,5120,70,45,1000000,40,95,5,0
Rufflet,Rufflet,100,0.5,10.5,70,83,50,60,5120,70,190,1250000,37,50,5,0
Braviary,Braviary,100,1.5,41,100,123,75,80,5120,70,60,1250000,57,75,5,0
Vullaby,Vullaby,0,0.5,9,70,55,75,60,5120,35,190,1250000,45,65,5,0
Mandibuzz,Mandibuzz,0,1.2,39.5,110,65,105,80,5120,35,60,1250000,55,95,5,0
Heatmor,Heatmor,50,1.4,58,85,97,66,65,5120,70,90,1000000,105,66,5,0
Durant,Durant,50,0.3,33,58,109,112,109,5120,70,90,1000000,48,48,5,0
Deino,Deino,50,0.8,17.3,52,65,50,38,10240,35,45,1250000,45,50,5,0
Zweilous,Zweilous,50,1.4,50,72,85,70,58,10240,35,45,1250000,65,70,5,0
Hydreigon,Hydreigon,50,1.8,160,92,105,90,98,10240,35,45,1250000,125,90,5,0
Larvesta,Larvesta,50,1.1,28.8,55,85,55,60,10240,70,45,1250000,50,55,5,0
Volcarona,Volcarona,50,1.6,46,85,60,65,100,10240,70,15,1250000,135,105,5,0
Cobalion,Cobalion,NA,2.1,250,91,90,129,108,20480,35,3,1250000,90,72,5,1
Terrakion,Terrakion,NA,1.9,260,91,129,90,108,20480,35,3,1250000,72,90,5,1
Virizion,Virizion,NA,2,200,91,90,72,108,20480,35,3,1250000,90,129,5,1
Tornadus,Tornadus,100,1.5,63,79,100,80,121,30720,90,3,1250000,110,90,5,1
Thundurus,Thundurus,100,1.5,61,79,105,70,101,30720,90,3,1250000,145,80,5,1
Reshiram,Reshiram,NA,3.2,330,100,120,100,90,30720,0,3,1250000,150,120,5,1
Zekrom,Zekrom,NA,2.9,345,100,150,120,90,30720,0,3,1250000,120,100,5,1
Landorus,Landorus,100,1.5,68,89,145,90,91,30720,90,3,1250000,105,80,5,1
Kyurem,Kyurem,NA,3,325,125,120,90,95,30720,0,3,1250000,170,100,5,1
Keldeo,Keldeo,NA,1.4,48.5,91,72,90,108,20480,35,3,1250000,129,90,5,1
Meloetta,Meloetta,NA,0.6,6.5,100,128,90,128,30720,100,3,1250000,77,77,5,1
Genesect,Genesect,NA,1.5,82.5,71,120,95,99,30720,0,3,1250000,120,95,5,1
Chespin,Chespin,88.1,0.4,9,56,61,65,38,5120,70,45,1059860,48,45,6,0
Quilladin,Quilladin,88.1,0.7,29,61,78,95,57,5120,70,45,1059860,56,58,6,0
Chesnaught,Chesnaught,88.1,1.6,90,88,107,122,64,5120,70,45,1059860,74,75,6,0
Fennekin,Fennekin,88.1,0.4,9.4,40,45,40,60,5120,70,45,1059860,62,60,6,0
Braixen,Braixen,88.1,1,14.5,59,59,58,73,5120,70,45,1059860,90,70,6,0
Delphox,Delphox,88.1,1.5,39,75,69,72,104,5120,70,45,1059860,114,100,6,0
Froakie,Froakie,88.1,0.3,7,41,56,40,71,5120,70,45,1059860,62,44,6,0
Frogadier,Frogadier,88.1,0.6,10.9,54,63,52,97,5120,70,45,1059860,83,56,6,0
Greninja,Greninja,88.1,1.5,40,72,145,67,132,5120,70,45,1059860,153,71,6,0
Bunnelby,Bunnelby,50,0.4,5,38,36,38,57,3840,70,255,1000000,32,36,6,0
Diggersby,Diggersby,50,1,42.4,85,56,77,78,3840,70,127,1000000,50,77,6,0
Fletchling,Fletchling,50,0.3,1.7,45,50,43,62,3840,70,255,1059860,40,38,6,0
Fletchinder,Fletchinder,50,0.7,16,62,73,55,84,3840,70,120,1059860,56,52,6,0
Talonflame,Talonflame,50,1.2,24.5,78,81,71,126,3840,70,45,1059860,74,69,6,0
Scatterbug,Scatterbug,50,0.3,2.5,38,35,40,35,3840,70,255,1000000,27,25,6,0
Spewpa,Spewpa,50,0.3,8.4,45,22,60,29,3840,70,120,1000000,27,30,6,0
Vivillon,Vivillon,50,1.2,17,80,52,50,89,3840,70,45,1000000,90,50,6,0
Litleo,Litleo,11.2,0.6,13.5,62,50,58,72,5120,70,220,1059860,73,54,6,0
Pyroar,Pyroar,11.2,1.5,81.5,86,68,72,106,5120,70,65,1059860,109,66,6,0
Flabébé,Flabébé,0,0.1,0.1,44,38,39,42,5120,70,225,1000000,61,79,6,0
Floette,Floette,0,0.2,0.9,74,65,67,92,5120,70,120,1000000,125,128,6,0
Florges,Florges,0,1.1,10,78,65,68,75,5120,70,45,1000000,112,154,6,0
Skiddo,Skiddo,50,0.9,31,66,65,48,52,5120,70,200,1000000,62,57,6,0
Gogoat,Gogoat,50,1.7,91,123,100,62,68,5120,70,45,1000000,97,81,6,0
Pancham,Pancham,50,0.6,8,67,82,62,43,6400,70,220,1000000,46,48,6,0
Pangoro,Pangoro,50,2.1,136,95,124,78,58,6400,70,65,1000000,69,71,6,0
Furfrou,Furfrou,50,1.2,28,75,80,60,102,5120,70,160,1000000,65,90,6,0
Espurr,Espurr,50,0.3,3.5,62,48,54,68,5120,70,190,1000000,63,60,6,0
Meowstic,Meowstic,50,0.6,8.5,74,48,76,104,5120,70,75,1000000,83,81,6,0
Honedge,Honedge,50,0.8,2,45,80,100,28,5120,70,180,1000000,35,37,6,0
Doublade,Doublade,50,0.8,4.5,59,110,150,35,5120,70,90,1000000,45,49,6,0
Aegislash,Aegislash,50,1.7,53,60,150,50,60,5120,70,45,1000000,150,50,6,0
Spritzee,Spritzee,50,0.2,0.5,78,52,60,23,5120,70,200,1000000,63,65,6,0
Aromatisse,Aromatisse,50,0.8,15.5,101,72,72,29,5120,70,140,1000000,99,89,6,0
Swirlix,Swirlix,50,0.4,3.5,62,48,66,49,5120,70,200,1000000,59,57,6,0
Slurpuff,Slurpuff,50,0.8,5,82,80,86,72,5120,70,140,1000000,85,75,6,0
Inkay,Inkay,50,0.4,3.5,53,54,53,45,5120,70,190,1000000,37,46,6,0
Malamar,Malamar,50,1.5,47,86,92,88,73,5120,70,80,1000000,68,75,6,0
Binacle,Binacle,50,0.5,31,42,52,67,50,5120,70,120,1000000,39,56,6,0
Barbaracle,Barbaracle,50,1.3,96,72,105,115,68,5120,70,45,1000000,54,86,6,0
Skrelp,Skrelp,50,0.5,7.3,50,60,60,30,5120,70,225,1000000,60,60,6,0
Dragalge,Dragalge,50,1.8,81.5,65,75,90,44,5120,70,55,1000000,97,123,6,0
Clauncher,Clauncher,50,0.5,8.3,50,53,62,44,3840,70,225,1250000,58,63,6,0
Clawitzer,Clawitzer,50,1.3,35.3,71,73,88,59,3840,70,55,1250000,120,89,6,0
Helioptile,Helioptile,50,0.5,6,44,38,33,70,5120,70,190,1000000,61,43,6,0
Heliolisk,Heliolisk,50,1,21,62,55,52,109,5120,70,75,1000000,109,94,6,0
Tyrunt,Tyrunt,88.1,0.8,26,58,89,77,48,7680,70,45,1000000,45,45,6,0
Tyrantrum,Tyrantrum,88.1,2.5,270,82,121,119,71,7680,70,45,1000000,69,59,6,0
Amaura,Amaura,88.1,1.3,25.2,77,59,50,46,7680,70,45,1000000,67,63,6,0
Aurorus,Aurorus,88.1,2.7,225,123,77,72,58,7680,70,45,1000000,99,92,6,0
Sylveon,Sylveon,88.1,1,23.5,95,65,65,60,8960,70,45,1000000,110,130,6,0
Hawlucha,Hawlucha,50,0.8,21.5,78,92,75,118,5120,70,100,1000000,74,63,6,0
Dedenne,Dedenne,50,0.2,2.2,67,58,57,101,5120,70,180,1000000,81,67,6,0
Carbink,Carbink,NA,0.3,5.7,50,50,150,50,6400,70,60,1250000,50,150,6,0
Goomy,Goomy,50,0.3,2.8,45,50,35,40,10240,35,45,1250000,55,75,6,0
Sliggoo,Sliggoo,50,0.8,17.5,68,75,53,60,10240,35,45,1250000,83,113,6,0
Goodra,Goodra,50,2,150.5,90,100,70,80,10240,35,45,1250000,110,150,6,0
Klefki,Klefki,50,0.2,3,57,80,91,75,5120,70,75,800000,80,87,6,0
Phantump,Phantump,50,0.4,7,43,70,48,38,5120,70,120,1000000,50,60,6,0
Trevenant,Trevenant,50,1.5,71,85,110,76,56,5120,70,60,1000000,65,82,6,0
Pumpkaboo,Pumpkaboo,50,0.8,15,59,66,70,41,5120,70,120,1000000,44,55,6,0
Gourgeist,Gourgeist,50,1.7,39,85,100,122,54,5120,70,60,1000000,58,75,6,0
Bergmite,Bergmite,50,1,99.5,55,69,85,28,5120,70,190,1000000,32,35,6,0
Avalugg,Avalugg,50,2,505,95,117,184,28,5120,70,55,1000000,44,46,6,0
Noibat,Noibat,50,0.5,8,40,30,35,55,5120,70,190,1000000,45,40,6,0
Noivern,Noivern,50,1.5,85,85,70,80,123,5120,70,45,1000000,97,80,6,0
Xerneas,Xerneas,NA,3,215,126,131,95,99,30720,0,45,1250000,131,98,6,1
Yveltal,Yveltal,NA,5.8,203,126,131,95,99,30720,0,45,1250000,131,98,6,1
Zygarde,Zygarde,NA,5,284.6,216,100,121,85,30720,0,3,1250000,91,95,6,1
Diancie,Diancie,NA,0.7,8.8,50,160,110,110,6400,70,3,1250000,160,110,6,1
Hoopa,Hoopa,NA,NA,NA,80,160,60,80,30720,100,3,1250000,170,130,6,1
Volcanion,Volcanion,NA,1.7,195,80,110,120,70,30720,100,3,1250000,130,90,6,1
Rowlet,Rowlet,88.1,0.3,1.5,68,55,55,42,3840,70,45,1059860,50,50,7,0
Dartrix,Dartrix,88.1,0.7,16,78,75,75,52,3840,70,45,1059860,70,70,7,0
Decidueye,Decidueye,88.1,1.6,36.6,78,107,75,70,3840,70,45,1059860,100,100,7,0
Litten,Litten,88.1,0.4,4.3,45,65,40,70,3840,70,45,1059860,60,40,7,0
Torracat,Torracat,88.1,0.7,25,65,85,50,90,3840,70,45,1059860,80,50,7,0
Incineroar,Incineroar,88.1,1.8,83,95,115,90,60,3840,70,45,1059860,80,90,7,0
Popplio,Popplio,88.1,0.4,7.5,50,54,54,40,3840,70,45,1059860,66,56,7,0
Brionne,Brionne,88.1,0.6,17.5,60,69,69,50,3840,70,45,1059860,91,81,7,0
Primarina,Primarina,88.1,1.8,44,80,74,74,60,3840,70,45,1059860,126,116,7,0
Pikipek,Pikipek,50,0.3,1.2,35,75,30,65,3840,70,255,1000000,30,30,7,0
Trumbeak,Trumbeak,50,0.6,14.8,55,85,50,75,3840,70,120,1000000,40,50,7,0
Toucannon,Toucannon,50,1.1,26,80,120,75,60,3840,70,45,1000000,75,75,7,0
Yungoos,Yungoos,50,0.4,6,48,70,30,45,3840,70,255,1000000,30,30,7,0
Gumshoos,Gumshoos,50,0.7,14.2,88,110,60,45,3840,70,127,1000000,55,60,7,0
Grubbin,Grubbin,50,0.4,4.4,47,62,45,46,3840,70,255,1000000,55,45,7,0
Charjabug,Charjabug,50,0.5,10.5,57,82,95,36,3840,70,120,1000000,55,75,7,0
Vikavolt,Vikavolt,50,1.5,45,77,70,90,43,3840,70,45,1000000,145,75,7,0
Crabrawler,Crabrawler,50,0.6,7,47,82,57,63,5120,70,225,1000000,42,47,7,0
Crabominable,Crabominable,50,1.7,180,97,132,77,43,5120,70,60,1000000,62,67,7,0
Oricorio,Oricorio,24.6,0.6,3.4,75,70,70,93,5120,70,45,1000000,98,70,7,0
Cutiefly,Cutiefly,50,0.1,0.2,40,45,40,84,5120,70,190,1000000,55,40,7,0
Ribombee,Ribombee,50,0.2,0.5,60,55,60,124,5120,70,75,1000000,95,70,7,0
Rockruff,Rockruff,50,0.5,9.2,45,65,40,60,3840,70,190,1000000,30,40,7,0
Lycanroc,Lycanroc,50,NA,NA,85,115,75,82,3840,70,90,1000000,55,75,7,0
Wishiwashi,Wishiwashi,50,0.2,0.3,45,140,130,30,3840,70,60,800000,140,135,7,0
Mareanie,Mareanie,50,0.4,8,50,53,62,45,5120,70,190,1000000,43,52,7,0
Toxapex,Toxapex,50,0.7,14.5,50,63,152,35,5120,70,75,1000000,53,142,7,0
Mudbray,Mudbray,50,1,110,70,100,70,45,5120,70,190,1000000,45,55,7,0
Mudsdale,Mudsdale,50,2.5,920,100,125,100,35,5120,70,60,1000000,55,85,7,0
Dewpider,Dewpider,50,0.3,4,38,40,52,27,3840,70,200,1000000,40,72,7,0
Araquanid,Araquanid,50,1.8,82,68,70,92,42,3840,70,100,1000000,50,132,7,0
Fomantis,Fomantis,50,0.3,1.5,40,55,35,35,5120,70,190,1000000,50,35,7,0
Lurantis,Lurantis,50,0.9,18.5,70,105,90,45,5120,70,75,1000000,80,90,7,0
Morelull,Morelull,50,0.2,1.5,40,35,55,15,5120,70,190,1000000,65,75,7,0
Shiinotic,Shiinotic,50,1,11.5,60,45,80,30,5120,70,75,1000000,90,100,7,0
Salandit,Salandit,88.1,0.6,4.8,48,44,40,77,5120,70,120,1000000,71,40,7,0
Salazzle,Salazzle,0,1.2,22.2,68,64,60,117,5120,70,45,1000000,111,60,7,0
Stufful,Stufful,50,0.5,6.8,70,75,50,50,3840,70,140,1000000,45,50,7,0
Bewear,Bewear,50,2.1,135,120,125,80,60,3840,70,70,1000000,55,60,7,0
Bounsweet,Bounsweet,0,0.3,3.2,42,30,38,32,5120,70,235,1059860,30,38,7,0
Steenee,Steenee,0,0.7,8.2,52,40,48,62,5120,70,120,1059860,40,48,7,0
Tsareena,Tsareena,0,1.2,21.4,72,120,98,72,5120,70,45,1059860,50,98,7,0
Comfey,Comfey,24.6,0.1,0.3,51,52,90,100,5120,70,60,800000,82,110,7,0
Oranguru,Oranguru,50,1.5,76,90,60,80,60,5120,70,45,1250000,90,110,7,0
Passimian,Passimian,50,2,82.8,100,120,90,80,5120,70,45,1250000,40,60,7,0
Wimpod,Wimpod,50,0.5,12,25,35,40,80,5120,70,90,1000000,20,30,7,0
Golisopod,Golisopod,50,2,108,75,125,140,40,5120,70,45,1000000,60,90,7,0
Sandygast,Sandygast,50,0.5,70,55,55,80,15,3840,70,140,1000000,70,45,7,0
Palossand,Palossand,50,1.3,250,85,75,110,35,3840,70,60,1000000,100,75,7,0
Pyukumuku,Pyukumuku,50,0.3,1.2,55,60,130,5,3840,70,60,800000,30,130,7,0
Type: Null,Type: Null,NA,1.9,120.5,95,95,95,59,30720,0,3,1250000,95,95,7,0
Silvally,Silvally,NA,2.3,100.5,95,95,95,95,30720,0,3,1250000,95,95,7,0
Minior,Minior,NA,0.3,40,60,100,60,120,6400,70,NA,1059860,100,60,7,0
Komala,Komala,50,0.4,19.9,65,115,65,65,5120,70,45,1250000,75,95,7,0
Turtonator,Turtonator,50,2,212,60,78,135,36,5120,70,70,1000000,91,85,7,0
Togedemaru,Togedemaru,50,0.3,3.3,65,98,63,96,2560,70,180,1000000,40,73,7,0
Mimikyu,Mimikyu,50,0.2,0.7,55,90,80,96,5120,70,45,1000000,50,105,7,0
Bruxish,Bruxish,50,0.9,19,68,105,70,92,3840,70,80,1000000,70,70,7,0
Drampa,Drampa,50,3,185,78,60,85,36,5120,70,70,1000000,135,91,7,0
Dhelmise,Dhelmise,NA,3.9,210,70,131,100,40,6400,70,25,1000000,86,90,7,0
Jangmo-o,Jangmo-o,50,0.6,29.7,45,55,65,45,10240,70,45,1250000,45,45,7,0
Hakamo-o,Hakamo-o,50,1.2,47,55,75,90,65,10240,70,45,1250000,65,70,7,0
Kommo-o,Kommo-o,50,1.6,78.2,75,110,125,85,10240,70,45,1250000,100,105,7,0
Tapu Koko,Tapu Koko,NA,1.8,20.5,70,115,85,130,3840,70,3,1250000,95,75,7,1
Tapu Lele,Tapu Lele,NA,1.2,18.6,70,85,75,95,3840,70,3,1250000,130,115,7,1
Tapu Bulu,Tapu Bulu,NA,1.9,45.5,70,130,115,75,3840,70,3,1250000,85,95,7,1
Tapu Fini,Tapu Fini,NA,1.3,21.2,70,75,115,85,3840,70,3,1250000,95,130,7,1
Cosmog,Cosmog,NA,0.2,0.1,43,29,31,37,30720,0,45,1250000,29,31,7,1
Cosmoem,Cosmoem,NA,0.1,999.9,43,29,131,37,30720,0,45,1250000,29,131,7,1
Solgaleo,Solgaleo,NA,3.4,230,137,137,107,97,30720,0,45,1250000,113,89,7,1
Lunala,Lunala,NA,4,120,137,113,89,97,30720,0,45,1250000,137,107,7,1
Nihilego,Nihilego,NA,1.2,55.5,109,53,47,103,30720,0,45,1250000,127,131,7,1
Buzzwole,Buzzwole,NA,2.4,333.6,107,139,139,79,30720,0,25,1250000,53,53,7,1
Pheromosa,Pheromosa,NA,1.8,25,71,137,37,151,30720,0,255,1250000,137,37,7,1
Xurkitree,Xurkitree,NA,3.8,100,83,89,71,83,30720,0,30,1250000,173,71,7,1
Celesteela,Celesteela,NA,9.2,999.9,97,101,103,61,30720,0,25,1250000,107,101,7,1
Kartana,Kartana,NA,0.3,0.1,59,181,131,109,30720,0,255,1250000,59,31,7,1
Guzzlord,Guzzlord,NA,5.5,888,223,101,53,43,30720,0,15,1250000,97,53,7,1
Necrozma,Necrozma,NA,2.4,230,97,107,101,79,30720,0,3,1250000,127,89,7,1
Magearna,Magearna,NA,1,80.5,80,95,115,65,30720,0,3,1250000,130,115,7,1
